{
	"schemaVersion": 1,
	"id": "render-distance-util",
	"version": "${version}",
	"name": "Render Distance Util",
	"description": "This is an example description! Tell everyone what your mod is about!",
	"authors": [
		"Me!"
	],
	"contact": {
		"homepage": "https://fabricmc.net/",
		"sources": "https://github.com/FabricMC/fabric-example-mod"
	},
	"license": "CC0-1.0",
	"icon": "assets/render-distance-util/icon.png",
	"environment": "*",
	"entrypoints": {
		"main": [
			"rinat.render_distance_util.RenderDistanceUtil"
		]
	},
	"mixins": [
		"render-distance-util.mixins.json"
	],
	"depends": {
		"fabricloader": ">=0.16.14",
		"minecraft": "~1.21",
		"java": ">=21",
		"fabric-api": "*"
	},
	"suggests": {
		"another-mod": "*"
	}
}